Probe-Id	sequence 	allele	Tile_strand	ID	probe_set_ID	Affy_SNP_ID	cust_ID
10-148972870	ATCGGGGCCTAAGGTAGACGCCAGTGGTTC	C/T	f	AX-90525723	AX-90525723	Affx-90758874	PHM1506.18
10-10882576	AACGACGCTCTTCCGCACGTCCAACCGCAG	C/T	f	AX-90525726	AX-90525726	Affx-90293863	PHM15331.16
3-156482775	TTTCGAGTTCATCTTCTGGACCTCCTCCTT	C/T	f	AX-90525729	AX-90525729	Affx-90864597	PHM1626.34
3-191612649	CACAGTTCCGGCAATGTTCCGATGAGAAAA	C/T	f	AX-90525738	AX-90525738	Affx-90967383	PHM3075.15
2-5839907	CGTTTTGAAACGACTGTAAATCCCTCTGTA	C/T	f	AX-90525741	AX-90525741	Affx-90601730	PHM3309.8
5-2926821	GAAGAGTGTGCTCAGAGCAGAGAAGATAGG	A/G	f	AX-90525746	AX-90525746	Affx-90194631	PHM3714.12
1-83780916	AAGCATCAGCATTTTGAGGCAACATGAGCT	A/G	f	AX-90525748	AX-90525748	Affx-91054640	PHM4185.17
1-67646946	TTTGCGTTTCCAGAGCCATGCGGTGCTTGC	C/T	f	AX-90525756	AX-90525756	Affx-90294728	PHM5098.25
5-44407599	GCAGGGCCATTATACCAGAGGATACGGCGA	C/T	f	AX-90525763	AX-90525763	Affx-90315003	PHM6795.5
10-80719215	ATACTAATGGAACTTTGCGCAAAGAAGAAG	C/T	f	AX-90525768	AX-90525768	Affx-91218396	PHM9266.23
10-80719268	GTACTTATCTAAGTGCTTTGTGAGTTGTTT	A/G	f	AX-90525769	AX-90525769	Affx-91102582	PHM9266.25
9-17750933	TATTGCAGCATGCCAGCATTTACATGCTAA	C/T	f	AX-90525770	AX-90525770	Affx-90145683	PHM9374.5
3-161257992	CGACACCGATCATGAGGAGATGCTATCTGG	A/G	f	AX-90525773	AX-90525773	Affx-90559611	PHM9914.11
8-138143276	ACGCTGCTGGCGTCGATCCTCCTCTCTGCT	C/T	f	AX-90525774	AX-90525774	Affx-91268521	PUT-163a-101381786-1
3-216345579	CTGTTGATTTTATCACGAATTAATACTACT	A/G	f	AX-90525776	AX-90525776	Affx-90266102	PUT-163a-101387821-12
8-152766279	ATTTCTGTCAGACAGTAAATATGATGCTCC	A/C	f	AX-90525777	AX-90525777	Affx-91258543	PUT-163a-101389210-15
2-236046926	AGAGTCTATTTCCAGATATTATCGTGCACA	A/G	f	AX-90525783	AX-90525783	Affx-90447105	PUT-163a-110194326-44
3-31898366	CACGCTTAGTCCAACAACAATGGGTTCTTA	A/C	f	AX-90525786	AX-90525786	Affx-90630858	PUT-163a-110204885-63
5-162680869	CCTTATCTCTACAGAAAACGTGCTTGCGGC	A/G	f	AX-90525793	AX-90525793	Affx-91222816	PUT-163a-110481372-81
2-207841753	GCAATCTTCATGATTACGGTAATATGTGCT	C/T	f	AX-90525795	AX-90525795	Affx-90718587	PUT-163a-110504512-88
2-207841889	GTAAACCCTTCATTTCCGTTTTCTTCTCTA	A/G	f	AX-90525796	AX-90525796	Affx-90151715	PUT-163a-110504512-89
10-29885529	GCTTCTCATTGTTAGCATGTTGCACAAATG	C/T	f	AX-90525799	AX-90525799	Affx-90109254	PUT-163a-110516422-94
1-285144424	TTCACCAATCTATGCCCAAATTCCTTGAGG	G/T	f	AX-90525800	AX-90525800	Affx-90458159	PUT-163a-110516771-95
10-23215344	CTACAAGTATCCGATCCAATCCTTCTACGA	A/T	f	AX-90525802	AX-90525802	Affx-90872486	PUT-163a-110518051-97
9-87814483	AACAGACTGCATTAACGTTATCCTGGTCAA	C/T	f	AX-90525803	AX-90525803	Affx-90465770	PUT-163a-110521911-100
7-155618554	ACCACAGAACCGGTTGACCAGCGTTCCCAG	C/T	f	AX-90525805	AX-90525805	Affx-90316075	PUT-163a-110522705-105
8-5319559	GCGGTATATGTGGTGATGATGAAATCTGAT	A/G	f	AX-90525806	AX-90525806	Affx-90595092	PUT-163a-110526809-109
10-70278799	GGGTGTGGAGCACGAACCTGAACTCCTGAA	A/G	f	AX-90525824	AX-90525824	Affx-91071662	PUT-163a-13177814-171
1-188083030	AAAAAGTTGCTGAAAAACGAGTGGTGAAAA	A/C	f	AX-90525828	AX-90525828	Affx-91186210	PUT-163a-13178383-179
6-102754652	TGGAACTGGGTGGCTGAGCTACAATAGGAG	A/G	f	AX-90525832	AX-90525832	Affx-90166188	PUT-163a-13237098-196
4-235724555	CTCAGTGCAAACTGCAAAGCTAATGTTGGC	C/G	f	AX-90525848	AX-90525848	Affx-90442829	PUT-163a-13557940-262
2-176244039	TGCATGGTCTGCTTTTGAGACGTGAAGGAT	A/C	f	AX-90525850	AX-90525850	Affx-91229138	PUT-163a-13558106-266
1-35240212	TTGAGCGCATTGTCCGGCTCCCTTGGAACC	C/T	f	AX-90525854	AX-90525854	Affx-90343445	PUT-163a-14242945-289
2-22703885	GATAGAGAGGCTCGGCCTGAAGCTCCTGCA	G/T	f	AX-90525857	AX-90525857	Affx-91060693	PUT-163a-14243975-306
7-159727684	AGGGACCACTTATAGTAATTCTTACTCAGA	A/C	f	AX-90525859	AX-90525859	Affx-91318475	PUT-163a-14244132-309
1-293151160	CAAATGGAATCTGTTTGCCCAACGCGTAGC	C/T	f	AX-90525863	AX-90525863	Affx-90347305	PUT-163a-14244221-318
3-13686330	AGCAACAGAGAAACAAGGAATTAATAACTC	C/T	f	AX-90525868	AX-90525868	Affx-90995243	PUT-163a-14245173-339
5-6688415	CTTCCTCTCCCACGCACCGCGCCAAGGAAG	A/G	f	AX-90525872	AX-90525872	Affx-90652427	PUT-163a-148931114-379
1-161027955	TCGTAGCCAAAACTAATCATCTGAGGCTAG	C/T	f	AX-90525873	AX-90525873	Affx-90304841	PUT-163a-148932938-397
6-31869592	GCAGGGTTCTCCATTGCTTTGCTTCTTGCT	G/T	f	AX-90525876	AX-90525876	Affx-90660107	PUT-163a-148935184-405
7-82007235	AAACCCAACCTCATCTCTTTTCTCGGCCTC	G/T	f	AX-90525880	AX-90525880	Affx-90866432	PUT-163a-148937458-421
10-61794344	TGTGCATGTTATTAATACAAATCCTTCAAC	A/G	f	AX-90525894	AX-90525894	Affx-91300599	PUT-163a-148942482-452
5-14339487	ACACTGGCAAAATGGCCATGACGTGGATGA	A/C	f	AX-90525908	AX-90525908	Affx-90391805	PUT-163a-148947019-495
6-160034313	CAAAGGAAAATGCACGGTAGTACAGATAGG	C/T	f	AX-90525915	AX-90525915	Affx-90522263	PUT-163a-148949704-504
7-157601971	GGAGATGCACCACGAGACGATGCAGGAGGC	A/G	f	AX-90525916	AX-90525916	Affx-90559754	PUT-163a-148949777-505
7-157602034	GAACGTGGCGGTCAAGGACCTGAAGCGCGG	C/T	f	AX-90525917	AX-90525917	Affx-90073442	PUT-163a-148949777-506
1-162593622	ATGAGGAACATCTATATCATCGGACTCTCC	C/G	f	AX-90525920	AX-90525920	Affx-91187110	PUT-163a-148950916-510
3-5788501	GGCATGTAGCGGCCATACCAGTTCGTCTCT	C/T	f	AX-90525921	AX-90525921	Affx-90538063	PUT-163a-148951348-515
6-58445736	ACCACCACCACCATGATGCATCAAACGGGC	A/G	f	AX-90525927	AX-90525927	Affx-90770625	PUT-163a-148953270-530
4-197714381	ACCACCAAACCCAGGATTACCACCAGGGGC	A/G	f	AX-90525940	AX-90525940	Affx-91208512	PUT-163a-148960441-574
2-236046842	AAGCATCAATACTGCAAACATCTCAACCCT	A/G	f	AX-90525941	AX-90525941	Affx-90631680	PUT-163a-148960523-575
2-236046853	CTGCAAACATCTCAACCCTAACGAGAAGGC	A/G	f	AX-90525942	AX-90525942	Affx-90503778	PUT-163a-148960523-576
5-200824929	CCATCATGCTTCACGTTCTCGGTGCTTAAC	C/T	f	AX-90525951	AX-90525951	Affx-90944863	PUT-163a-148963345-597
8-145842405	GTTTAGCCACCTGAAGGCAGCATAGACCCA	G/T	f	AX-90525956	AX-90525956	Affx-90175001	PUT-163a-148967445-624
5-181396317	CACTGATTATTCACGAACAAAAACTTACAG	A/G	f	AX-90525960	AX-90525960	Affx-90529788	PUT-163a-148971843-645
4-235165782	TTCCAAAGATAAAGATGTGCTAGCCTCTTC	C/T	f	AX-90525970	AX-90525970	Affx-91009072	PUT-163a-148985612-677
6-145126278	GAGCTTGTCGCGGAGGTGCGGCCCGAAGTG	C/T	f	AX-90525975	AX-90525975	Affx-90564229	PUT-163a-148991135-704
6-29350835	GGCATAGCAAACCGATTGTACTGAGATACT	G/T	f	AX-90525992	AX-90525992	Affx-91018763	PUT-163a-149009086-759
5-24157556	GCCACAGGATCTGACCGGCGACATCACTGG	C/T	f	AX-90526001	AX-90526001	Affx-90769922	PUT-163a-149015131-783
5-24157496	ACCATACGCCCTATTCGCCGGCAAAGACGC	A/C	f	AX-90526002	AX-90526002	Affx-90264897	PUT-163a-149015131-784
8-116625507	TGATTAGCTCACTGACTCAACAAGTGATGG	C/T	f	AX-90526004	AX-90526004	Affx-91367929	PUT-163a-149026703-794
6-168359954	TCACCTGATGGAAAACATCTTGTTAGTGGA	A/T	f	AX-90526006	AX-90526006	Affx-90444825	PUT-163a-149042078-808
1-15071364	TTCAGTCTCGACCTCGCCGTTTGCCTTTGT	G/T	f	AX-90526011	AX-90526011	Affx-90723494	PUT-163a-149070810-821
8-4108548	ATATAGCATACAAAAGAAAATAATATGAAA	A/G	f	AX-90526016	AX-90526016	Affx-90925125	PUT-163a-149071777-835
2-3805681	GGGTATCCCATCTGTGCTTCCCTTCGTTTC	G/T	f	AX-90526017	AX-90526017	Affx-90093750	PUT-163a-149071857-836
7-32625703	ACACATTATTAGCCACGCCTGATGCTCTAG	A/G	f	AX-90526020	AX-90526020	Affx-90189202	PUT-163a-149074888-842
1-28446659	AGCAGCACGGGAAGGGAACGCTCCTTCCTA	C/T	f	AX-90526030	AX-90526030	Affx-90627644	PUT-163a-149085801-876
1-28446550	AGACTAGACCACTGGCAATACATTACGCTG	A/G	f	AX-90526031	AX-90526031	Affx-91270796	PUT-163a-149085801-877
5-204822267	GTAGACCATTCCTACCTCCAGAGTGGAGGC	A/G	f	AX-90526036	AX-90526036	Affx-90362296	PUT-163a-149088205-889
6-144666248	ACCAAATAGGGAAGCAGTTGGGCCAGCACA	A/G	f	AX-90526038	AX-90526038	Affx-90745162	PUT-163a-149096847-902
3-167473178	TCTCAGCTCTTCTCCAGTCCATAGCCTTGA	A/G	f	AX-90526039	AX-90526039	Affx-90634045	PUT-163a-149098745-906
3-168698586	CCGGAGAAGTTCTTCGTGCGCTCCATCACC	A/G	f	AX-90526041	AX-90526041	Affx-90326269	PUT-163a-149099344-910
2-157292561	ATCAATGGCATTGAATTGATCACGAAGATC	A/G	f	AX-90526048	AX-90526048	Affx-90962890	PUT-163a-149102041-931
2-203633237	AGCACCGAGCTGATCCGCGGTGAACTGATG	A/C	f	AX-90526061	AX-90526061	Affx-90932253	PUT-163a-149111560-968
6-129361537	GTAAAAGAGTAGTGATTATTTCACAAAGTT	A/G	f	AX-90526062	AX-90526062	Affx-90173496	PUT-163a-149111766-970
6-129361625	CTCACCCATATGGCATCATTTATTTGGGAA	A/C	f	AX-90526063	AX-90526063	Affx-91054403	PUT-163a-149111766-972
9-26593151	CGATCACAACAGTTCCAAACATTTAAAGGC	A/G	f	AX-90526068	AX-90526068	Affx-90143777	PUT-163a-16917550-985
1-276075809	AAATCAAAACCTATTGATTCTGCCTGAATT	A/C	f	AX-90526073	AX-90526073	Affx-90379745	PUT-163a-16919241-1005
2-46342967	TAAAAATAGCTAGCCTTTGGTCACATGAAC	A/C	f	AX-90526074	AX-90526074	Affx-90601845	PUT-163a-16919246-1009
7-148179916	GCTCTTTAGAACGCCAGCTTCTTTCCCGTC	A/G	f	AX-90526077	AX-90526077	Affx-91264996	PUT-163a-16919428-1019
3-142695491	GCGCGGCTCCTTTCAGGAAGTCAAATAGCT	C/T	f	AX-90526079	AX-90526079	Affx-90196897	PUT-163a-16919470-1024
10-124064843	GGGATACCAAGTAGCTTGTTCATCTTCTTT	A/G	f	AX-90526089	AX-90526089	Affx-90176946	PUT-163a-16921481-1061
2-844170	AGGCGAGCAAACTACAGTAACAGAGAAAGC	A/G	f	AX-90526093	AX-90526093	Affx-90571665	PUT-163a-16922761-1076
9-154642451	AAGGAGCCTCAACTGGAGCAGGATGAGAAC	C/G	f	AX-90526096	AX-90526096	Affx-90328616	PUT-163a-16922936-1081
5-10418293	CTGCTAGTAAGGGTGTGCAAAAACCTTATG	C/T	f	AX-90526098	AX-90526098	Affx-90771442	PUT-163a-16925351-1096
1-283088009	CACGCAGCATGATGAAACATATTTAAAAAA	A/T	f	AX-90526101	AX-90526101	Affx-90115554	PUT-163a-16925784-1112
1-2801226	ACACCCTCAACATAATCATACTGCAGTAAT	A/G	f	AX-90526105	AX-90526105	Affx-90437802	PUT-163a-16926058-1127
9-15982995	GGACACTGCACTTCGTGATCTGTGAACACA	A/G	f	AX-90526107	AX-90526107	Affx-90922448	PUT-163a-16926106-1129
9-15983096	AAGTTCCCATAATGGGAATAGCTTGTACCT	A/G	f	AX-90526108	AX-90526108	Affx-90753264	PUT-163a-16926106-1130
5-190211048	GGATTTGTGATCTGCTCAATTGCACCCATC	C/T	f	AX-90526113	AX-90526113	Affx-90556490	PUT-163a-16926285-1144
1-226178055	AGTCAGAATTTCGAAATAATGAAAAGCCTC	A/G	f	AX-90526116	AX-90526116	Affx-90658172	PUT-163a-16926903-1152
3-168232371	CGATGGGACCAAACTTTACTCGTCATCCTC	A/G	f	AX-90526126	AX-90526126	Affx-91282600	PUT-163a-17931396-1193
6-75518548	ACAGGGTGATAATAATTTTTCCGCATGATT	A/G	f	AX-90526130	AX-90526130	Affx-90487289	PUT-163a-17932440-1212
7-128433473	TTGATAGTTGAGATGATTTTTTTTGTATGG	G/T	f	AX-90526132	AX-90526132	Affx-90638405	PUT-163a-17932483-1214
5-161466302	CTGATGAGATCTCGTTAGCGGTCAAATGGG	A/G	f	AX-90526136	AX-90526136	Affx-90627117	PUT-163a-18162524-1229
5-213281711	AACAGTGGGCAAACACCGACTCGGAGCATG	C/T	f	AX-90526137	AX-90526137	Affx-90477182	PUT-163a-18162607-1230
4-18687134	AACTGGCAGCCGGCTAGCGATGACTTCTGA	G/T	f	AX-90526146	AX-90526146	Affx-90994011	PUT-163a-18163635-1256
3-163996266	CAGGCATGCAGTGCAGCTAAGCTACTGTCG	A/G	f	AX-90526150	AX-90526150	Affx-90958652	PUT-163a-18164577-1271
3-15231533	AAGGCAAGGCCTATAGTTCCAAGGATGCGC	C/G	f	AX-90526154	AX-90526154	Affx-90587225	PUT-163a-18166705-1287
